account_id,balance,reward
account_rdx16ympypu5flyryrp360xpkj7svh75yqt9twg3hmkkxdpk79r97t6ln9,2500000,3440.850838180195
account_rdx16x0s44zry5hn9hacquzxjwjfy5dvevklrmdu48hcjvylun3g3mm58q,500000,688.1701676360391
account_rdx16872qlxchfr0wwyqum5ym3yuc4e8ss873su95y6jg2ekczmgpz8yf9,50000,68.8170167636039
account_rdx12xjv64k0y556vgn3d42g8vknq8fhwvkpdy23uh6wzqkcpj89t3ng3r,50000,68.8170167636039
account_rdx168raudh2avum7pdktvtta894f4h93kqkpkhslwzacw7tp0rf9s3nx2,45000,61.93531508724352
account_rdx16xmm5m3d0h565qwqr4dje7pqk3ce4qqa2hc0atme0ednq5u7rx8fya,41000,56.42995374615519
account_rdx1686glfx86e308rrmkrp6h644ncqay3w80dhtul0yffduk0qp8sts5k,30000,41.29021005816234
account_rdx16830urlwv9vtw224tdupafydlt9r66742uk6sz40qr6rr09tw5cjyn,25000,34.40850838180195
account_rdx128hg4f0raarsfagzxh7m4gmm8vanj7ju7z8lu255dugnnfaefau2t7,20000,27.526806705441558
account_rdx168hthlun820pm4506dgvmmgn58fzj3cp6g35lmja5dx9kpk3xhx72f,5000,6.8817016763603895
account_rdx168zg3a2ftml8v44c063nrpku6rug58yfxsu26pkhkc7ujgm3x6thau,5000,6.8817016763603895
account_rdx16xj28wd4hrvm5c58rx6us622g8e972y43pa2hvtqlhqefg24xqucsf,4500,6.19353150872435
account_rdx12yd7td4jcj9w7hzqteeqg9wd4yhzh467anmv4s5nz4dajym87tjq9d,4500,6.19353150872435
account_rdx168zguu0w84a8p5aydc6muwvpz9cd25gr60h59lwaneht3mr6wlepan,3000,4.129021005816234
account_rdx16xn8kqsac9fe6wyux8xk7w4m9647mwdr96966df726f2umd42ewgye,2000,2.752680670544156
account_rdx16xdcqs2dexdhd33mw79jklqaqn02n9m0p6p97u88qn52chupsqd583,2000,2.752680670544156
account_rdx16xgkv0kx22l6gjyx7hwklavcza8mcqgzad3uwyddyt9fujtandtz06,1600,2.2021445364353247
account_rdx168srcupcn8t02stzfkdtc2hcgp7ky5f377n0tdreurw5g9k3527q64,1000,1.376340335272078
account_rdx1695v9rv2wcvj4yq98t45qntszzp5j2nsza3ur02merwlzqacn6mds6,1000,1.376340335272078