account_id,balance,reward
account_rdx16872qlxchfr0wwyqum5ym3yuc4e8ss873su95y6jg2ekczmgpz8yf9,50000,992.2265007028933
account_rdx12xjv64k0y556vgn3d42g8vknq8fhwvkpdy23uh6wzqkcpj89t3ng3r,50000,992.2265007028933
account_rdx168raudh2avum7pdktvtta894f4h93kqkpkhslwzacw7tp0rf9s3nx2,45000,893.0038506326039
account_rdx16xmm5m3d0h565qwqr4dje7pqk3ce4qqa2hc0atme0ednq5u7rx8fya,41000,813.6257305763725
account_rdx1686glfx86e308rrmkrp6h644ncqay3w80dhtul0yffduk0qp8sts5k,30000,595.3359004217359
account_rdx16830urlwv9vtw224tdupafydlt9r66742uk6sz40qr6rr09tw5cjyn,25000,496.11325035144665
account_rdx128hg4f0raarsfagzxh7m4gmm8vanj7ju7z8lu255dugnnfaefau2t7,20000,396.89060028115733
account_rdx168zg3a2ftml8v44c063nrpku6rug58yfxsu26pkhkc7ujgm3x6thau,5000,99.22265007028933
account_rdx12yd7td4jcj9w7hzqteeqg9wd4yhzh467anmv4s5nz4dajym87tjq9d,4500,89.30038506326038
account_rdx16xn8kqsac9fe6wyux8xk7w4m9647mwdr96966df726f2umd42ewgye,2000,39.689060028115726
account_rdx16xdcqs2dexdhd33mw79jklqaqn02n9m0p6p97u88qn52chupsqd583,2000,39.689060028115726
account_rdx16xgkv0kx22l6gjyx7hwklavcza8mcqgzad3uwyddyt9fujtandtz06,1600,31.751248022492586
account_rdx168srcupcn8t02stzfkdtc2hcgp7ky5f377n0tdreurw5g9k3527q64,1000,19.844530014057863
account_rdx1695v9rv2wcvj4yq98t45qntszzp5j2nsza3ur02merwlzqacn6mds6,1000,19.844530014057863